{
  "id": "footer",
  "name": "Footer",
  "items": [
      {
        "cssClass": "",
        "isNested": false,
        "html": "Home",
        "url": "index"
      },
      {
        "cssClass": "",
        "isNested": false,
        "html": "Articles",
        "url": "articles"
      },
      {
        "cssClass": "",
        "isNested": false,
        "html": "About",
        "url": "page/about"
      },
      {
        "cssClass": "",
        "isNested": false,
        "html": "Contact",
        "url": "page/contact"
      }
  ]
}