[
    {
        "title": "Blog",
        "description": "Come read our posts on our blog",
        "text": "",
        "keywords": "",
        "tags": "",
        "callout": "",
        "url": "blog",
        "photo": "",
        "thumb": "",
        "location": "",
        "language": "en",
        "direction": "ltr",
        "firstName": "New",
        "lastName": "User",
        "lastModifiedBy": "matt@matthewsmith.com",
        "lastModifiedDate": "2016-12-16T18:17:51+0000",
        "template": "default"
    },
    {
        "title": "Gallery",
        "description": "View images in our gallery",
        "text": "Gallery Sample Gallery",
        "keywords": "",
        "tags": "",
        "callout": "",
        "url": "gallery",
        "photo": "files\/thumbs\/balloon.png",
        "thumb": "files\/thumbs\/\/balloon.png",
        "location": "",
        "language": "en",
        "direction": "ltr",
        "firstName": "New",
        "lastName": "User",
        "lastModifiedBy": "matt@matthewsmith.com",
        "lastModifiedDate": "2016-12-16T18:17:51+0000",
        "template": "default"
    },
    {
        "title": "Home",
        "description": "Welcome to our site",
        "text": "",
        "keywords": "",
        "tags": "",
        "callout": "",
        "url": "index",
        "photo": "files\/home-1.png",
        "thumb": "files\/thumbs\/home-1.png",
        "location": "",
        "language": "en",
        "direction": "ltr",
        "firstName": "New",
        "lastName": "User",
        "lastModifiedBy": "matt@matthewsmith.com",
        "lastModifiedDate": "2016-12-16T18:17:01+0000",
        "template": "home"
    },
    {
        "title": "About",
        "description": "Learn more about us",
        "text": "About Lorem ipsum dolor sit amet, consectetur adipiscing elit. Donec venenatis mollis arcu, eget posuere libero faucibus sit amet. Cras pharetra pellentesque augue, id vestibulum nisi pharetra et. Morbi in dapibus leo. Vivamus vehicula risus vel eros interdum et mattis tortor congue. Sed gravida interdum est, sit amet pretium nisl consectetur at. In hac habitasse platea dictumst. In purus enim, elementum porttitor tincidunt volutpat, fermentum quis ante. Vivamus at est sem, quis ornare lorem. Cras pulvinar est eget nisi iaculis consequat. Lorem ipsum dolor sit amet, consectetur adipiscing elit. Donec venenatis mollis arcu, eget posuere libero faucibus sit amet. Cras pharetra pellentesque augue, id vestibulum nisi pharetra et. Morbi in dapibus leo. Vivamus vehicula risus vel eros interdum et mattis tortor congue. Sed gravida interdum est, sit amet pretium nisl consectetur at. In hac habitasse platea dictumst. In purus enim, elementum porttitor tincidunt volutpat, fermentum quis ante. Vivamus at est sem, quis ornare lorem. Cras pulvinar est eget nisi iaculis consequat.Lorem ipsum dolor sit amet, consectetur adipiscing elit. Donec venenatis mollis arcu, eget posuere libero faucibus sit amet. Cras pharetra pellentesque augue, id vestibulum nisi pharetra et. Morbi in dapibus leo. Vivamus vehicula risus vel eros interdum et mattis tortor congue. Sed gravida interdum est, sit amet pretium nisl consectetur at. In hac habitasse platea dictumst. In purus enim, elementum porttitor tincidunt volutpat, fermentum quis ante. Vivamus at est sem, quis ornare lorem. Cras pulvinar est eget nisi iaculis consequat. Lorem ipsum dolor sit amet, consectetur adipiscing elit. Donec venenatis mollis arcu, eget posuere libero faucibus sit amet. Cras pharetra pellentesque augue, id vestibulum nisi pharetra et. Morbi in dapibus leo. Vivamus vehicula risus vel eros interdum et mattis tortor congue. Sed gravida interdum est, sit amet pretium nisl consectetur at. In hac habitasse platea dictumst. In purus enim, elementum porttitor tincidunt volutpat, fermentum quis ante. Vivamus at est sem, quis ornare lorem. Cras pulvinar est eget nisi iaculis consequat. Lorem ipsum dolor sit amet, consectetur adipiscing elit. Donec venenatis mollis arcu, eget posuere libero faucibus sit amet. Cras pharetra pellentesque augue, id vestibulum nisi pharetra et. Morbi in dapibus leo. Vivamus vehicula risus vel eros interdum et mattis tortor congue. Sed gravida interdum est, sit amet pretium nisl consectetur at. In hac habitasse platea dictumst. In purus enim, elementum porttitor tincidunt volutpat, fermentum quis ante. Vivamus at est sem, quis ornare lorem. Cras pulvinar est eget nisi iaculis consequat. Lorem ipsum dolor sit amet, consectetur adipiscing elit. Donec venenatis mollis arcu, eget posuere libero faucibus sit amet. Cras pharetra pellentesque augue, id vestibulum nisi pharetra et. Morbi in dapibus leo. Vivamus vehicula risus vel eros interdum et mattis tortor congue. Sed gravida interdum est, sit amet pretium nisl consectetur at. In hac habitasse platea dictumst. In purus enim, elementum porttitor tincidunt volutpat, fermentum quis ante. Vivamus at est sem, quis ornare lorem. Cras pulvinar est eget nisi iaculis consequat.",
        "keywords": "",
        "tags": "",
        "callout": "",
        "url": "page\/about",
        "photo": "",
        "thumb": "",
        "location": "",
        "language": "en",
        "direction": "ltr",
        "firstName": "New",
        "lastName": "User",
        "lastModifiedBy": "matt@matthewsmith.com",
        "lastModifiedDate": "2016-12-16T18:17:51+0000",
        "template": "default"
    },
    {
        "title": "Contact",
        "description": "Get in touch using our contact form",
        "text": "Contact",
        "keywords": "",
        "tags": "",
        "callout": "",
        "url": "page\/contact",
        "photo": "",
        "thumb": "",
        "location": "",
        "language": "en",
        "direction": "ltr",
        "firstName": "New",
        "lastName": "User",
        "lastModifiedBy": "matt@matthewsmith.com",
        "lastModifiedDate": "2016-12-16T18:17:51+0000",
        "template": "default"
    },
    {
        "title": "Error",
        "description": "The page you were looking for could not be found",
        "text": "Error Page not found",
        "keywords": "",
        "tags": "",
        "callout": "",
        "url": "page\/error",
        "photo": "",
        "thumb": "",
        "location": "",
        "language": "en",
        "direction": "ltr",
        "firstName": "New",
        "lastName": "User",
        "lastModifiedBy": "matt@matthewsmith.com",
        "lastModifiedDate": "2016-12-16T18:17:51+0000",
        "template": "default"
    },
    {
        "title": "Another Blog Post",
        "description": "Read another sample blog post",
        "text": "Another Blog Post Lorem ipsum dolor sit amet, consectetur adipiscing elit. Donec venenatis mollis arcu, eget posuere libero faucibus sit amet. Cras pharetra pellentesque augue, id vestibulum nisi pharetra et. Morbi in dapibus leo. Vivamus vehicula risus vel eros interdum et mattis tortor congue. Sed gravida interdum est, sit amet pretium nisl consectetur at. In hac habitasse platea dictumst. In purus enim, elementum porttitor tincidunt volutpat, fermentum quis ante. Vivamus at est sem, quis ornare lorem. Cras pulvinar est eget nisi iaculis consequat. Lorem ipsum dolor sit amet, consectetur adipiscing elit. Donec venenatis mollis arcu, eget posuere libero faucibus sit amet. Cras pharetra pellentesque augue, id vestibulum nisi pharetra et. Morbi in dapibus leo. Vivamus vehicula risus vel eros interdum et mattis tortor congue. Sed gravida interdum est, sit amet pretium nisl consectetur at. In hac habitasse platea dictumst. In purus enim, elementum porttitor tincidunt volutpat, fermentum quis ante. Vivamus at est sem, quis ornare lorem. Cras pulvinar est eget nisi iaculis consequat.Lorem ipsum dolor sit amet, consectetur adipiscing elit. Donec venenatis mollis arcu, eget posuere libero faucibus sit amet. Cras pharetra pellentesque augue, id vestibulum nisi pharetra et. Morbi in dapibus leo. Vivamus vehicula risus vel eros interdum et mattis tortor congue. Sed gravida interdum est, sit amet pretium nisl consectetur at. In hac habitasse platea dictumst. In purus enim, elementum porttitor tincidunt volutpat, fermentum quis ante. Vivamus at est sem, quis ornare lorem. Cras pulvinar est eget nisi iaculis consequat. Lorem ipsum dolor sit amet, consectetur adipiscing elit. Donec venenatis mollis arcu, eget posuere libero faucibus sit amet. Cras pharetra pellentesque augue, id vestibulum nisi pharetra et. Morbi in dapibus leo. Vivamus vehicula risus vel eros interdum et mattis tortor congue. Sed gravida interdum est, sit amet pretium nisl consectetur at. In hac habitasse platea dictumst. In purus enim, elementum porttitor tincidunt volutpat, fermentum quis ante. Vivamus at est sem, quis ornare lorem. Cras pulvinar est eget nisi iaculis consequat. Lorem ipsum dolor sit amet, consectetur adipiscing elit. Donec venenatis mollis arcu, eget posuere libero faucibus sit amet. Cras pharetra pellentesque augue, id vestibulum nisi pharetra et. Morbi in dapibus leo. Vivamus vehicula risus vel eros interdum et mattis tortor congue. Sed gravida interdum est, sit amet pretium nisl consectetur at. In hac habitasse platea dictumst. In purus enim, elementum porttitor tincidunt volutpat, fermentum quis ante. Vivamus at est sem, quis ornare lorem. Cras pulvinar est eget nisi iaculis consequat.",
        "keywords": "",
        "tags": "",
        "callout": "",
        "url": "post\/another-blog-post",
        "photo": "",
        "thumb": "",
        "location": "",
        "language": "en",
        "direction": "ltr",
        "firstName": "New",
        "lastName": "User",
        "lastModifiedBy": "matt@matthewsmith.com",
        "lastModifiedDate": "2016-12-16T18:17:51+0000",
        "template": "default"
    },
    {
        "title": "Sample Blog post",
        "description": "Read our sample blog post",
        "text": "Sample Blog Post Lorem ipsum dolor sit amet, consectetur adipiscing elit. Donec venenatis mollis arcu, eget posuere libero faucibus sit amet. Cras pharetra pellentesque augue, id vestibulum nisi pharetra et. Morbi in dapibus leo. Vivamus vehicula risus vel eros interdum et mattis tortor congue. Sed gravida interdum est, sit amet pretium nisl consectetur at. In hac habitasse platea dictumst. In purus enim, elementum porttitor tincidunt volutpat, fermentum quis ante. Vivamus at est sem, quis ornare lorem. Cras pulvinar est eget nisi iaculis consequat. Lorem ipsum dolor sit amet, consectetur adipiscing elit. Donec venenatis mollis arcu, eget posuere libero faucibus sit amet. Cras pharetra pellentesque augue, id vestibulum nisi pharetra et. Morbi in dapibus leo. Vivamus vehicula risus vel eros interdum et mattis tortor congue. Sed gravida interdum est, sit amet pretium nisl consectetur at. In hac habitasse platea dictumst. In purus enim, elementum porttitor tincidunt volutpat, fermentum quis ante. Vivamus at est sem, quis ornare lorem. Cras pulvinar est eget nisi iaculis consequat.Lorem ipsum dolor sit amet, consectetur adipiscing elit. Donec venenatis mollis arcu, eget posuere libero faucibus sit amet. Cras pharetra pellentesque augue, id vestibulum nisi pharetra et. Morbi in dapibus leo. Vivamus vehicula risus vel eros interdum et mattis tortor congue. Sed gravida interdum est, sit amet pretium nisl consectetur at. In hac habitasse platea dictumst. In purus enim, elementum porttitor tincidunt volutpat, fermentum quis ante. Vivamus at est sem, quis ornare lorem. Cras pulvinar est eget nisi iaculis consequat. Lorem ipsum dolor sit amet, consectetur adipiscing elit. Donec venenatis mollis arcu, eget posuere libero faucibus sit amet. Cras pharetra pellentesque augue, id vestibulum nisi pharetra et. Morbi in dapibus leo. Vivamus vehicula risus vel eros interdum et mattis tortor congue. Sed gravida interdum est, sit amet pretium nisl consectetur at. In hac habitasse platea dictumst. In purus enim, elementum porttitor tincidunt volutpat, fermentum quis ante. Vivamus at est sem, quis ornare lorem. Cras pulvinar est eget nisi iaculis consequat. Lorem ipsum dolor sit amet, consectetur adipiscing elit. Donec venenatis mollis arcu, eget posuere libero faucibus sit amet. Cras pharetra pellentesque augue, id vestibulum nisi pharetra et. Morbi in dapibus leo. Vivamus vehicula risus vel eros interdum et mattis tortor congue. Sed gravida interdum est, sit amet pretium nisl consectetur at. In hac habitasse platea dictumst. In purus enim, elementum porttitor tincidunt volutpat, fermentum quis ante. Vivamus at est sem, quis ornare lorem. Cras pulvinar est eget nisi iaculis consequat.",
        "keywords": "",
        "tags": "",
        "callout": "",
        "url": "post\/sample-blog-post",
        "photo": "",
        "thumb": "",
        "location": "",
        "language": "en",
        "direction": "ltr",
        "firstName": "New",
        "lastName": "User",
        "lastModifiedBy": "matt@matthewsmith.com",
        "lastModifiedDate": "2016-12-16T18:17:51+0000",
        "template": "default"
    },
    {
        "title": "This is a sample",
        "description": "A new sample",
        "text": "This is a sample A new sample Lorem ipsum dolor sit amet, consectetur adipiscing elit. Aenean velit nunc, ultricies vitae pulvinar in, fringilla id lorem. Sed non dui in massa finibus posuere. Curabitur iaculis magna eget tempor pharetra. Interdum et malesuada fames ac ante ipsum primis in faucibus. This is a header At vero eos et accusamus et iusto odio dignissimos ducimus qui blanditiis praesentium voluptatum deleniti atque corrupti quos dolores et quas molestias excepturi sint occaecati cupiditate non provident, similique sunt in culpa qui officia deserunt mollitia animi, id est laborum et dolorum fuga. Et harum quidem rerum facilis est et expedita distinctio. Nam libero tempore, cum soluta nobis est eligendi optio cumque nihil impedit quo minus id quod maxime placeat facere.",
        "keywords": "",
        "tags": "",
        "callout": "",
        "url": "sample",
        "photo": "",
        "thumb": "",
        "language": "en",
        "direction": "ltr",
        "firstName": "New",
        "lastName": "User",
        "lastModifiedBy": "matt@matthewsmith.com",
        "lastModifiedDate": "2016-12-23T20:21:06.0Z",
        "template": "home"
    }
]