{
    "id": "new Question",
    "name": "New Question",
    "cssClass": "",
    "fields": [
        {
            "id": "question",
            "label": "Type your Question",
            "type": "textarea",
            "required": "true",
            "options": "",
            "helperText": "",
            "placeholder": "Type your Question",
            "cssClass": ""
        },
        {
            "id": "name",
            "label": "Name",
            "type": "text",
            "required": "false",
            "options": "",
            "helperText": "",
            "placeholder": "Name (Optional)",
            "cssClass": ""
        },
        {
            "id": "email",
            "label": "Email",
            "type": "text",
            "required": "false",
            "options": "",
            "helperText": "",
            "placeholder": "Email (Optional)",
            "cssClass": ""
        }
    ]
}